{
  "project_info": {
    "project_number": "739841758705",
    "project_id": "money-budgeting-app",
    "storage_bucket": "money-budgeting-app.appspot.com"
  },
  "client": [
    {
      "client_info": {
        "mobilesdk_app_id": "1:739841758705:android:e24fa9ac7f2f039373a050",
        "android_client_info": {
          "package_name": "com.example.studentbudgetingapp"
        }
      },
      "oauth_client": [
        {
          "client_id": "739841758705-4gs5luoi8i6qlucfep2oancqtgrs3m21.apps.googleusercontent.com",
          "client_type": 1,
          "android_info": {
            "package_name": "com.example.studentbudgetingapp",
            "certificate_hash": "4002e675937a6ba13cd37b866add22fb484941e1"
          }
        },
        {
          "client_id": "739841758705-ndmcs1v3nj93o0v1k80n0qan61sk8fui.apps.googleusercontent.com",
          "client_type": 3
        }
      ],
      "api_key": [
        {
          "current_key": "AIzaSyAXGuNvASU9tTIXydcFbzAEHBIMQzrmZj0"
        }
      ],
      "services": {
        "appinvite_service": {
          "other_platform_oauth_client": [
            {
              "client_id": "739841758705-ndmcs1v3nj93o0v1k80n0qan61sk8fui.apps.googleusercontent.com",
              "client_type": 3
            }
          ]
        }
      }
    }
  ],
  "configuration_version": "1"
}